Workbook

Sheet Dashboard & Resumen
A1: DASHBOARD EJECUTIVO - CONTROL DE INFORMACIÓN DOCUMENTADA
A2: Resumen estadístico de la documentación del SGI (ISO 9001, ISO 45001, ISO 27001)
C4: TOTAL DOCUMENTOS | F4: DOCS VIGENTES | H4: EN REVISIÓN / BORRADOR
C5: =COUNTA('Listado Maestro'!A5:A100) -> 10 | F5: =COUNTIF('Listado Maestro'!K5:K100,"Vigente") -> 8 | H5: =COUNTIF('Listado Maestro'!K5:K100,"En Revisión")+COUNTIF('Listado Maestro'!K5:K100,"Borrador") -> 2
B8: Distribución por Norma Aplicable | F8: Estado de la Documentación
B9: Norma | C9: Cantidad de Docs | D9: % del Total | F9: Estado | G9: Cantidad | H9: % del Total
B10: ISO 9001 (Calidad) | C10: =COUNTIF('Listado Maestro'!$E$5:$E$100,"*"&"ISO 9001"&"*") -> 3 | D10: =C10/$C$5 -> 0.3 | F10: Vigente | G10: =COUNTIF('Listado Maestro'!$K$5:$K$100,"Vigente") -> 8 | H10: =G10/$G$15 -> 0.8
B11: ISO 45001 (SST) | C11: =COUNTIF('Listado Maestro'!$E$5:$E$100,"*"&"ISO 4500"&"*") -> 0 | D11: =C11/$C$5 -> 0 | F11: En Revisión | G11: =COUNTIF('Listado Maestro'!$K$5:$K$100,"En Revisión") -> 2 | H11: =G11/$G$15 -> 0.2
B12: ISO 27001 (Seguridad Info) | C12: =COUNTIF('Listado Maestro'!$E$5:$E$100,"*"&"ISO 2700"&"*") -> 0 | D12: =C12/$C$5 -> 0 | F12: En Aprobación | G12: =COUNTIF('Listado Maestro'!$K$5:$K$100,"En Aprobación") -> 0 | H12: =G12/$G$15 -> 0
B13: SGI (9001 + 45001 + 27001) | C13: =COUNTIF('Listado Maestro'!$E$5:$E$100,"*"&"SGI (900"&"*") -> 7 | D13: =C13/$C$5 -> 0.7 | F13: Obsoleto | G13: =COUNTIF('Listado Maestro'!$K$5:$K$100,"Obsoleto") -> 0 | H13: =G13/$G$15 -> 0
B14: Total Documentos Analizados | C14: =SUM(C10:C13) -> 10 | D14: =C14/$C$5 -> 1 | F14: Borrador | G14: =COUNTIF('Listado Maestro'!$K$5:$K$100,"Borrador") -> 0 | H14: =G14/$G$15 -> 0
F15: Total | G15: =SUM(G10:G14) -> 10 | H15: =G15/$G$15 -> 1

Sheet Listado Maestro
A1: SISTEMA DE GESTIÓN INTEGRADO (ISO 9001 / ISO 45001 / ISO 27001)
A2: LISTADO MAESTRO DE DOCUMENTOS Y CONTROL DE INFORMACIÓN DOCUMENTADA
A4: Código | B4: Título del Documento | C4: Tipo de Documento | D4: Proceso / Área | E4: Norma Aplicable | F4: Versión | G4: Fecha Aprobación | H4: Próxima Revisión | I4: Elaboró | J4: Revisó / Aprobó | K4: Estado | L4: Clasificación Info (27001) | M4: Soporte / Ubicación | N4: Retención / Archivo
A5: MGD-SGI-001 | B5: Manual del Sistema de Gestión Integrado | C5: Manual (MGD) | D5: SGI: Sistema de Gestion Integrado | E5: SGI (9001 + 45001 + 27001) | F5: 1.0 | G5: 46219 | H5: 46584 | I5: Dir. Calidad | J5: Comité de Dirección | K5: Vigente | L5: Uso Interno | M5: Digital (Servidor / Intranet) | N5: Permanente
A6: POL-SGI-001 | B6: Política Integrada de Calidad, SST y Seguridad Info | C6: Política (POL) | D6: SGI: Sistema de Gestion Integrado | E6: SGI (9001 + 45001 + 27001) | F6: 1.0 | G6: 46219 | H6: 46584 | I6: Dir. Calidad | J6: Comité de Dirección | K6: Vigente | L6: Pública | M6: Digital / Cartelera | N6: Mientras esté vigente + 5 años
A7: MGD-SGI-002 | B7: Manual de Gestion Documental Integrado | C7: Manual (MGD) | D7: SGI: Sistema de Gestion Integrado | E7: SGI (9001 + 45001 + 27001) | F7: 1.0 | G7: 46219 | H7: 46584 | I7: Dir. Calidad | J7: Comité de Dirección | K7: Vigente | L7: Uso Interno | M7: Digital (Servidor / Intranet) | N7: Mientras esté vigente + 5 años
A8: MGD-SGI-003 | B8: Manual de Asignacion de Responsabilidades | C8: Manual (MGD) | D8: SGI: Sistema de Gestion Integrado | E8: SGI (9001 + 45001 + 27001) | F8: 1.0 | G8: 46226 | H8: 46591 | I8: Dir. Calidad | J8: Comité de Dirección | K8: Vigente | L8: Uso Interno | M8: Digital (Servidor / Intranet) | N8: Mientras esté vigente + 5 años
A9: FTM-SGI-001 | B9: Acta de constitución, conformación y/o modificación del comité de calidad del sistema de gestión integrado | C9: Formato (FTM) | D9: SGI: Sistema de Gestion Integrado | E9: ISO 9001 (Calidad) | F9: 1.0 | G9: 46197 | H9: 46562 | I9: Dir. Calidad | J9: Gerencia | K9: Vigente | L9: Uso Interno | M9: Digital (Servidor / Intranet) | N9: 3 años
A10: FTM-SGI-002 | B10: Acta de reunión | C10: Formato (FTM) | D10: SGI: Sistema de Gestion Integrado | E10: ISO 9001 (Calidad) | F10: 1.0 | G10: 46210 | H10: 46575 | I10: Dir. Calidad | J10: Gerencia | K10: Vigente | L10: Uso Interno | M10: Digital (Servidor / Intranet) | N10: Permanente
A11: FTM-SGI-003 | B11: Acta de asignación de responsabilidades del SGI | C11: Formato (FTM) | D11: SGI: Sistema de Gestion Integrado | E11: SGI (9001 + 45001 + 27001) | F11: 1.0 | G11: 46227 | H11: 46592 | I11: Dir. Calidad | J11: Gerencia | K11: Vigente | L11: Uso Interno | M11: Digital (Servidor / Intranet) | N11: Mientras esté vigente + 5 años
A12: FTM-SGI-004 | B12: Informe de resultados | C12: Formato (FTM) | D12: SGI: Sistema de Gestion Integrado | E12: SGI (9001 + 45001 + 27001) | F12: 1.0 | G12: 46239 | H12: 46604 | I12: Dir. Calidad | J12: Gerencia | K12: En Revisión | L12: Uso Interno | M12: Digital (Servidor / Intranet) | N12: Permanente
A13: REG-SGI-001 | B13: Control de Asistencia SGI | C13: Registro (REG) | D13: SGI: Sistema de Gestion Integrado | E13: ISO 9001 (Calidad) | F13: 1.0 | G13: 46174 | H13: 46539 | I13: Dir. Calidad | J13: Gerencia | K13: Vigente | L13: Uso Interno | M13: Digital (Servidor / Intranet) | N13: Permanente
A14: FTM-SGI-005 | B14: Plan de Mejora | C14: Formato (FTM) | D14: SGI: Sistema de Gestion Integrado | E14: SGI (9001 + 45001 + 27001) | F14: 1.1 | G14: 46240 | H14: 46605 | I14: Dir. Calidad | J14: Gerencia | K14: En Revisión | L14: Uso Interno | M14: Digital (Servidor / Intranet) | N14: 3 años

Sheet GUIA
A1: SISTEMA DE GESTIÓN INTEGRADO (ISO 9001 / ISO 45001 / ISO 27001)
A2: LISTADO MAESTRO DE DOCUMENTOS Y CONTROL DE INFORMACIÓN DOCUMENTADA
A4: Código | B4: Título del Documento | C4: Tipo de Documento | D4: Proceso / Área | E4: Norma Aplicable | F4: Versión | G4: Fecha Aprobación | H4: Próxima Revisión | I4: Elaboró | J4: Revisó / Aprobó | K4: Estado | L4: Clasificación Info (27001) | M4: Soporte / Ubicación | N4: Retención / Archivo
A5: MGD-SGI-001 | B5: Manual del Sistema de Gestión Integrado | C5: Manual (MGD) | D5: ADM: Administración y Gerencia | E5: SGI (9001 + 45001 + 27001) | F5: 1.0 | G5: 45672 | H5: 46037 | I5: Dir. Calidad | J5: Gerencia General | K5: Vigente | L5: Uso Interno | M5: Digital (Servidor / Intranet) | N5: Permanente
B6: Política Integrada de Calidad, SST y Seguridad Info | C6: Política (POL) | D6: ADM: Administración y Gerencia | E6: SGI (9001 + 45001 + 27001) | F6: 1.0 | G6: 45689 | H6: 46054 | I6: Coord. SGI | J6: Gerencia General | K6: Vigente | L6: Pública | M6: Digital / Cartelera | N6: Permanente
B7: Procedimiento de Control de Información Documentada | C7: Procedimiento (PRC) | D7: SGI: Sistema de Gestion Integrado | E7: SGI (9001 + 45001 + 27001) | F7: 1.0 | G7: 45606 | H7: 45971 | I7: Gestor documental | J7: Dir. Calidad | K7: Vigente | L7: Uso Interno | M7: Digital (Cloud SGI) | N7: 5 años tras obsoleto
B8: Procedimiento de Auditorías Internas Combinadas | C8: Procedimiento (PRC) | D8: AUD: Auditoría Interna | E8: SGI (9001 + 45001 + 27001) | F8: 1.0 | G8: 45631 | H8: 45996 | I8: Auditor Líder | J8: Comité de Dirección | K8: Vigente | L8: Uso Interno | M8: Digital (Cloud SGI) | N8: 3 años
B9: Procedimiento de Gestión de No Conformidades y Acción Correctiva | C9: Procedimiento (PRC) | D9: SGI: Sistema de Gestion Integrado | E9: ISO 9001 (Calidad) | F9: 1.0 | G9: 45726 | H9: 46091 | I9: Analista Calidad | J9: Dir. Calidad | K9: Vigente | L9: Uso Interno | M9: Software QMS | N9: 5 años
B10: Procedimiento de Evaluación de Proveedores y Contratistas | C10: Procedimiento (PRC) | D10: FIN: Finanzas y Compras | E10: ISO 9001 (Calidad) | F10: 1.0 | G10: 45555 | H10: 45920 | I10: Jefe de Compras | J10: Dir. Operaciones | K10: Vigente | L10: Uso Interno | M10: ERP / Digital | N10: 3 años
B11: Procedimiento de Identificación de Peligros y Evaluación de Riesgos (IPERC) | C11: Procedimiento (PRC) | D11: RRHH: Recursos Humanos y SST | E11: ISO 45001 (SST) | F11: 1.0 | G11: 45677 | H11: 46042 | I11: Especialista SST | J11: Comité SST | K11: Vigente | L11: Uso Interno | M11: Digital / Impreso Físico | N11: 20 años (Exigencia legal)
B12: Procedimiento de Respuesta ante Emergencias y Evacuación | C12: Procedimiento (PRC) | D12: RRHH: Recursos Humanos y SST | E12: ISO 45001 (SST) | F12: 1.0 | G12: 45519 | H12: 45884 | I12: Brigada / SST | J12: Dir. Operaciones | K12: En Revisión | L12: Uso Interno | M12: Digital / Carteleras | N12: 5 años
B13: Procedimiento de Investigación de Incidentes y Accidentes | C13: Procedimiento (PRC) | D13: RRHH: Recursos Humanos y SST | E13: ISO 45001 (SST) | F13: 1.0 | G13: 45422 | H13: 45787 | I13: Coord. SST | J13: Comité SST | K13: Vigente | L13: Restringida / Secreta | M13: Digital (Acceso restringido) | N13: 10 años
B14: Procedimiento de Clasificación y Manejo de la Información | C14: Procedimiento (PRC) | D14: SINF: Sistemas de Información y TI | E14: ISO 27001 (Seguridad Info) | F14: 1.0 | G14: 45703 | H14: 46068 | I14: CISO | J14: Comité Seguridad Info | K14: Vigente | L14: Confidencial | M14: Portal de Políticas TI | N14: 5 años
B15: Procedimiento de Control de Acceso Lógico y Físico | C15: Procedimiento (PRC) | D15: SINF: Sistemas de Información y TI | E15: ISO 27001 (Seguridad Info) | F15: 1.0 | G15: 45748 | H15: 46113 | I15: Admin de Sistemas | J15: CISO | K15: Vigente | L15: Confidencial | M15: Repositorio Seguro TI | N15: 3 años
B16: Plan de Continuidad del Negocio (BCP) y Recuperación ante Desastres (DRP) | C16: Plan (PLN) | D16: SINF: Sistemas de Información y TI | E16: ISO 27001 / ISO 9001 | F16: 1.0 | G16: 45595 | H16: 45960 | I16: CISO / Ops | J16: Gerencia General | K16: En Revisión | L16: Restringida / Secreta | M16: Vault Seguro Digital | N16: Permanente
B17: Instructivo de Uso Correcto de Equipos de Protección Individual (EPI) | C17: Instructivo (IN) | D17: RRHH: Recursos Humanos y SST | E17: ISO 45001 (SST) | F17: 1.0 | G17: 45363 | H17: 45728 | I17: Supervisor SST | J17: Jefe de Planta | K17: Vigente | L17: Uso Interno | M17: Físico en Planta / Intranet | N17: Until superseded
... B24: Política de Escritorios Limpios y Pantallas Limpias | C24: Política (POL) | D24: SINF: Sistemas de Información y TI | E24: ISO 27001 (Seguridad Info) | F24: 1.0 | G24: 45245 | H24: 45611 | I24: Analista Ciberseguridad | J24: CISO | K24: Obsoleto | L24: Uso Interno | M24: Archivado Digital | N24: Histórico

Sheet Listas de Control
A1: TABLAS DE CONTROL DE DATOS
A3: Tipo de Documento | C3: Proceso / Área | E3: Norma Aplicable | G3: Estado del Documento | I3: Clasificación de Seguridad (ISO 27001)
A4: Manual (MGD) | C4: ADM: Administración y Gerencia | E4: ISO 9001 (Calidad) | G4: Vigente | I4: Pública
A5: Política (POL) | C5: MKT: Marketing y Ventas | E5: ISO 45001 (SST) | G5: En Revisión | I5: Uso Interno
A6: Procedimiento (PRC) | C6: OPE: Operaciones (Campañas) | E6: ISO 27001 (Seguridad Info) | G6: En Aprobación | I6: Confidencial
A7: Instructivo (INS) | C7: FIN: Finanzas y Compras | E7: ISO 9001 / ISO 45001 | G7: Obsoleto | I7: Restringida / Secreta
A8: Formato (FTM) | C8: RRHH: Recursos Humanos y SST | E8: ISO 9001 / ISO 27001 | G8: Borrador
A9: Registro (REG) | C9: SINF: Sistemas de Información y TI | E9: ISO 45001 / ISO 27001
A10: Plan (PLN) | C10: SGI: Sistema de Gestion Integrado | E10: SGI (9001 + 45001 + 27001)
A11: Anexo (ANX) | C11: LEG: Legal y Cumplimiento
A12: Matriz (MTZ) | C12: AUD: Auditoría Interna
